unit_id,machine_id,product_id,batch_id,temperature,pressure,operating_hours,shift,previous_defects,maintenance_status,is_defective
U10001,M01,P01,B2026-001,74,4.7,2100,Afternoon,0,COMPLETED,0
U10002,M01,P01,B2026-001,74,4.7,2100,Afternoon,0,COMPLETED,0
U10003,M01,P01,B2026-001,74,4.7,2100,Afternoon,0,COMPLETED,0
U10004,M01,P01,B2026-001,74,4.7,2100,Afternoon,0,COMPLETED,1
U10005,M01,P01,B2026-001,74,4.7,2100,Afternoon,1,COMPLETED,0
U10006,M01,P01,B2026-001,74,4.7,2100,Afternoon,1,COMPLETED,0
U10007,M01,P01,B2026-001,74,4.7,2100,Afternoon,1,COMPLETED,0
U10008,M02,P02,B2026-002,78,5.4,3400,Night,0,COMPLETED,1
U10009,M02,P02,B2026-002,78,5.4,3400,Night,1,COMPLETED,0
U10010,M02,P02,B2026-002,78,5.4,3400,Night,1,COMPLETED,0
U10011,M02,P02,B2026-002,78,5.4,3400,Night,1,COMPLETED,1
U10012,M02,P02,B2026-002,78,5.4,3400,Night,2,COMPLETED,1
U10013,M02,P02,B2026-002,78,5.4,3400,Night,3,COMPLETED,0
U10014,M02,P02,B2026-002,78,5.4,3400,Night,3,COMPLETED,1
U10015,M03,P03,B2026-003,90,7.6,5100,Morning,0,OVERDUE,1
U10016,M03,P03,B2026-003,90,7.6,5100,Morning,1,OVERDUE,0
U10017,M03,P03,B2026-003,90,7.6,5100,Morning,1,OVERDUE,1
U10018,M03,P03,B2026-003,90,7.6,5100,Morning,2,OVERDUE,1
U10019,M03,P03,B2026-003,90,7.6,5100,Morning,3,OVERDUE,0
U10020,M03,P03,B2026-003,90,7.6,5100,Morning,3,OVERDUE,0
U10021,M03,P03,B2026-003,90,7.6,5100,Morning,3,OVERDUE,0
U10022,M04,P04,B2026-004,86,6.8,2800,Afternoon,0,COMPLETED,1
U10023,M04,P04,B2026-004,86,6.8,2800,Afternoon,1,COMPLETED,0
U10024,M04,P04,B2026-004,86,6.8,2800,Afternoon,1,COMPLETED,0
U10025,M03,P01,B2026-041,94,5.5,5100,Night,3,OVERDUE,1
U10026,M04,P04,B2026-004,86,6.8,2800,Afternoon,1,COMPLETED,1
U10027,M04,P04,B2026-004,86,6.8,2800,Afternoon,2,COMPLETED,0
U10028,M04,P04,B2026-004,86,6.8,2800,Afternoon,2,COMPLETED,0
U10029,M03,P05,B2026-005,98,5.5,5100,Night,4,OVERDUE,1
U10030,M03,P05,B2026-005,98,5.5,5100,Night,5,OVERDUE,0
U10031,M03,P05,B2026-005,98,5.5,5100,Night,5,OVERDUE,0
U10032,M03,P05,B2026-005,98,5.5,5100,Night,5,OVERDUE,0
U10033,M03,P05,B2026-005,98,5.5,5100,Night,5,OVERDUE,1
U10034,M03,P05,B2026-005,98,5.5,5100,Night,6,OVERDUE,0
U10035,M03,P05,B2026-005,98,5.5,5100,Night,6,OVERDUE,0
U10036,M06,P06,B2026-006,94,4.7,4200,Morning,0,COMPLETED,0
U10037,M06,P06,B2026-006,94,4.7,4200,Morning,0,COMPLETED,1
U10038,M06,P06,B2026-006,94,4.7,4200,Morning,1,COMPLETED,0
U10039,M06,P06,B2026-006,94,4.7,4200,Morning,1,COMPLETED,0
U10040,M06,P06,B2026-006,94,4.7,4200,Morning,1,COMPLETED,1
U10041,M06,P06,B2026-006,94,4.7,4200,Morning,2,COMPLETED,0
U10042,M06,P06,B2026-006,94,4.7,4200,Morning,2,COMPLETED,0
U10043,M07,P07,B2026-007,70,5.4,1900,Afternoon,0,COMPLETED,1
U10044,M07,P07,B2026-007,70,5.4,1900,Afternoon,1,COMPLETED,1
U10045,M07,P07,B2026-007,70,5.4,1900,Afternoon,2,COMPLETED,1
U10046,M07,P07,B2026-007,70,5.4,1900,Afternoon,3,COMPLETED,1
U10047,M07,P07,B2026-007,70,5.4,1900,Afternoon,4,COMPLETED,1
U10048,M07,P07,B2026-007,70,5.4,1900,Afternoon,5,COMPLETED,0
U10049,M07,P07,B2026-007,70,5.4,1900,Afternoon,5,COMPLETED,0
U10050,M08,P08,B2026-008,74,6.1,900,Night,0,COMPLETED,1
U10051,M08,P08,B2026-008,74,6.1,900,Night,1,COMPLETED,1
U10052,M08,P08,B2026-008,74,6.1,900,Night,2,COMPLETED,1
U10053,M08,P08,B2026-008,74,6.1,900,Night,3,COMPLETED,0
U10054,M08,P08,B2026-008,74,6.1,900,Night,3,COMPLETED,1
U10055,M08,P08,B2026-008,74,6.1,900,Night,4,COMPLETED,0
U10056,M08,P08,B2026-008,74,6.1,900,Night,4,COMPLETED,0
U10057,M09,P09,B2026-009,78,6.8,4700,Morning,0,SCHEDULED,0
U10058,M09,P09,B2026-009,78,6.8,4700,Morning,0,SCHEDULED,0
U10059,M09,P09,B2026-009,78,6.8,4700,Morning,0,SCHEDULED,0
U10060,M09,P09,B2026-009,78,6.8,4700,Morning,0,SCHEDULED,0
U10061,M09,P09,B2026-009,78,6.8,4700,Morning,0,SCHEDULED,0
U10062,M09,P09,B2026-009,78,6.8,4700,Morning,0,SCHEDULED,0
U10063,M09,P09,B2026-009,78,6.8,4700,Morning,0,SCHEDULED,0
U10064,M03,P10,B2026-010,90,5.5,5100,Afternoon,6,OVERDUE,0
U10065,M03,P10,B2026-010,90,5.5,5100,Afternoon,6,OVERDUE,0
U10066,M03,P10,B2026-010,90,5.5,5100,Afternoon,6,OVERDUE,0
U10067,M03,P10,B2026-010,90,5.5,5100,Afternoon,6,OVERDUE,0
U10068,M03,P10,B2026-010,90,5.5,5100,Afternoon,6,OVERDUE,0
U10069,M03,P10,B2026-010,90,5.5,5100,Afternoon,6,OVERDUE,1
U10070,M03,P10,B2026-010,90,5.5,5100,Afternoon,7,OVERDUE,0
U10071,M01,P01,B2026-011,86,4.7,2100,Night,1,COMPLETED,0
U10072,M01,P01,B2026-011,86,4.7,2100,Night,1,COMPLETED,0
U10073,M01,P01,B2026-011,86,4.7,2100,Night,1,COMPLETED,0
U10074,M01,P01,B2026-011,86,4.7,2100,Night,1,COMPLETED,0
U10075,M01,P01,B2026-011,86,4.7,2100,Night,1,COMPLETED,0
U10076,M01,P01,B2026-011,86,4.7,2100,Night,1,COMPLETED,0
U10077,M01,P01,B2026-011,86,4.7,2100,Night,1,COMPLETED,1
U10078,M02,P02,B2026-012,90,5.4,3400,Morning,4,COMPLETED,0
U10079,M02,P02,B2026-012,90,5.4,3400,Morning,4,COMPLETED,0
U10080,M02,P02,B2026-012,90,5.4,3400,Morning,4,COMPLETED,1
U10081,M02,P02,B2026-012,90,5.4,3400,Morning,5,COMPLETED,0
U10082,M02,P02,B2026-012,90,5.4,3400,Morning,5,COMPLETED,0
U10083,M02,P02,B2026-012,90,5.4,3400,Morning,5,COMPLETED,0
U10084,M02,P02,B2026-012,90,5.4,3400,Morning,5,COMPLETED,0
U10085,M03,P03,B2026-013,102,7.6,5100,Afternoon,7,OVERDUE,0
U10086,M03,P03,B2026-013,102,7.6,5100,Afternoon,7,OVERDUE,1
U10087,M03,P03,B2026-013,102,7.6,5100,Afternoon,8,OVERDUE,0
U10088,M03,P03,B2026-013,102,7.6,5100,Afternoon,8,OVERDUE,0
U10089,M03,P03,B2026-013,102,7.6,5100,Afternoon,8,OVERDUE,0
U10090,M03,P03,B2026-013,102,7.6,5100,Afternoon,8,OVERDUE,0
U10091,M03,P03,B2026-013,102,7.6,5100,Afternoon,8,OVERDUE,0
U10092,M04,P04,B2026-014,70,6.8,2800,Night,2,COMPLETED,0
U10093,M04,P04,B2026-014,70,6.8,2800,Night,2,COMPLETED,0
U10094,M04,P04,B2026-014,70,6.8,2800,Night,2,COMPLETED,0
U10095,M04,P04,B2026-014,70,6.8,2800,Night,2,COMPLETED,0
U10096,M04,P04,B2026-014,70,6.8,2800,Night,2,COMPLETED,0
U10097,M04,P04,B2026-014,70,6.8,2800,Night,2,COMPLETED,1
U10098,M04,P04,B2026-014,70,6.8,2800,Night,3,COMPLETED,0
U10099,M03,P05,B2026-015,82,5.5,5100,Morning,8,OVERDUE,0
U10100,M03,P05,B2026-015,82,5.5,5100,Morning,8,OVERDUE,0
U10101,M03,P05,B2026-015,82,5.5,5100,Morning,8,OVERDUE,0
U10102,M03,P05,B2026-015,82,5.5,5100,Morning,8,OVERDUE,1
U10103,M03,P05,B2026-015,82,5.5,5100,Morning,9,OVERDUE,0
U10104,M03,P05,B2026-015,82,5.5,5100,Morning,9,OVERDUE,0
U10105,M03,P05,B2026-015,82,5.5,5100,Morning,9,OVERDUE,0
U10106,M06,P06,B2026-016,78,4.7,4200,Afternoon,2,COMPLETED,0
U10107,M06,P06,B2026-016,78,4.7,4200,Afternoon,2,COMPLETED,1
U10108,M06,P06,B2026-016,78,4.7,4200,Afternoon,3,COMPLETED,1
U10109,M06,P06,B2026-016,78,4.7,4200,Afternoon,4,COMPLETED,0
U10110,M06,P06,B2026-016,78,4.7,4200,Afternoon,4,COMPLETED,0
U10111,M06,P06,B2026-016,78,4.7,4200,Afternoon,4,COMPLETED,0
U10112,M06,P06,B2026-016,78,4.7,4200,Afternoon,4,COMPLETED,0
U10113,M07,P07,B2026-017,82,5.4,1900,Night,5,COMPLETED,1
U10114,M07,P07,B2026-017,82,5.4,1900,Night,6,COMPLETED,0
U10115,M07,P07,B2026-017,82,5.4,1900,Night,6,COMPLETED,0
U10116,M07,P07,B2026-017,82,5.4,1900,Night,6,COMPLETED,1
U10117,M07,P07,B2026-017,82,5.4,1900,Night,7,COMPLETED,0
U10118,M07,P07,B2026-017,82,5.4,1900,Night,7,COMPLETED,0
U10119,M07,P07,B2026-017,82,5.4,1900,Night,7,COMPLETED,0
U10120,M08,P08,B2026-018,86,6.1,900,Morning,4,COMPLETED,0
U10121,M08,P08,B2026-018,86,6.1,900,Morning,4,COMPLETED,1
U10122,M08,P08,B2026-018,86,6.1,900,Morning,5,COMPLETED,1
U10123,M08,P08,B2026-018,86,6.1,900,Morning,6,COMPLETED,0
U10124,M08,P08,B2026-018,86,6.1,900,Morning,6,COMPLETED,0
U10125,M08,P08,B2026-018,86,6.1,900,Morning,6,COMPLETED,0
U10126,M08,P08,B2026-018,86,6.1,900,Morning,6,COMPLETED,0
U10127,M09,P09,B2026-019,90,6.8,4700,Afternoon,0,SCHEDULED,0
U10128,M09,P09,B2026-019,90,6.8,4700,Afternoon,0,SCHEDULED,0
U10129,M09,P09,B2026-019,90,6.8,4700,Afternoon,0,SCHEDULED,0
U10130,M09,P09,B2026-019,90,6.8,4700,Afternoon,0,SCHEDULED,0
U10131,M09,P09,B2026-019,90,6.8,4700,Afternoon,0,SCHEDULED,0
U10132,M09,P09,B2026-019,90,6.8,4700,Afternoon,0,SCHEDULED,0
U10133,M09,P09,B2026-019,90,6.8,4700,Afternoon,0,SCHEDULED,0
U10134,M03,P10,B2026-020,102,5.5,5100,Night,9,OVERDUE,0
U10135,M03,P10,B2026-020,102,5.5,5100,Night,9,OVERDUE,0
U10136,M03,P10,B2026-020,102,5.5,5100,Night,9,OVERDUE,0
U10137,M03,P10,B2026-020,102,5.5,5100,Night,9,OVERDUE,1
U10138,M03,P10,B2026-020,102,5.5,5100,Night,10,OVERDUE,1
U10139,M03,P10,B2026-020,102,5.5,5100,Night,11,OVERDUE,0
U10140,M03,P10,B2026-020,102,5.5,5100,Night,11,OVERDUE,0
U10141,M01,P01,B2026-021,70,4.7,2100,Morning,2,COMPLETED,0
U10142,M01,P01,B2026-021,70,4.7,2100,Morning,2,COMPLETED,0
U10143,M01,P01,B2026-021,70,4.7,2100,Morning,2,COMPLETED,0
U10144,M01,P01,B2026-021,70,4.7,2100,Morning,2,COMPLETED,0
U10145,M01,P01,B2026-021,70,4.7,2100,Morning,2,COMPLETED,0
U10146,M01,P01,B2026-021,70,4.7,2100,Morning,2,COMPLETED,0
U10147,M02,P02,B2026-022,74,5.4,3400,Afternoon,5,COMPLETED,0
U10148,M02,P02,B2026-022,74,5.4,3400,Afternoon,5,COMPLETED,0
U10149,M02,P02,B2026-022,74,5.4,3400,Afternoon,5,COMPLETED,0
U10150,M02,P02,B2026-022,74,5.4,3400,Afternoon,5,COMPLETED,0
U10151,M02,P02,B2026-022,74,5.4,3400,Afternoon,5,COMPLETED,0
U10152,M02,P02,B2026-022,74,5.4,3400,Afternoon,5,COMPLETED,0
U10153,M03,P03,B2026-023,86,7.6,5100,Night,11,OVERDUE,0
U10154,M03,P03,B2026-023,86,7.6,5100,Night,11,OVERDUE,0
U10155,M03,P03,B2026-023,86,7.6,5100,Night,11,OVERDUE,0
U10156,M03,P03,B2026-023,86,7.6,5100,Night,11,OVERDUE,0
U10157,M03,P03,B2026-023,86,7.6,5100,Night,11,OVERDUE,1
U10158,M03,P03,B2026-023,86,7.6,5100,Night,12,OVERDUE,0
U10159,M04,P04,B2026-024,82,6.8,2800,Morning,3,COMPLETED,0
U10160,M04,P04,B2026-024,82,6.8,2800,Morning,3,COMPLETED,0
U10161,M04,P04,B2026-024,82,6.8,2800,Morning,3,COMPLETED,0
U10162,M04,P04,B2026-024,82,6.8,2800,Morning,3,COMPLETED,0
U10163,M04,P04,B2026-024,82,6.8,2800,Morning,3,COMPLETED,1
U10164,M04,P04,B2026-024,82,6.8,2800,Morning,4,COMPLETED,1
U10165,M04,P04,B2026-004,86,6.8,2800,Afternoon,5,COMPLETED,0
U10166,M03,P01,B2026-041,94,5.5,5100,Night,12,OVERDUE,0
U10167,M03,P01,B2026-041,94,5.5,5100,Night,12,OVERDUE,0
U10168,M03,P01,B2026-041,94,5.5,5100,Night,12,OVERDUE,0
U10169,M03,P01,B2026-041,94,5.5,5100,Night,12,OVERDUE,0
U10170,M03,P01,B2026-041,94,5.5,5100,Night,12,OVERDUE,0
U10171,M06,P06,B2026-026,90,4.7,4200,Night,4,COMPLETED,0
U10172,M06,P06,B2026-026,90,4.7,4200,Night,4,COMPLETED,0
U10173,M06,P06,B2026-026,90,4.7,4200,Night,4,COMPLETED,1
U10174,M06,P06,B2026-026,90,4.7,4200,Night,5,COMPLETED,0
U10175,M06,P06,B2026-026,90,4.7,4200,Night,5,COMPLETED,0
U10176,M06,P06,B2026-026,90,4.7,4200,Night,5,COMPLETED,1
U10177,M07,P07,B2026-027,94,5.4,1900,Morning,7,COMPLETED,1
U10178,M07,P07,B2026-027,94,5.4,1900,Morning,8,COMPLETED,0
U10179,M07,P07,B2026-027,94,5.4,1900,Morning,8,COMPLETED,0
U10180,M07,P07,B2026-027,94,5.4,1900,Morning,8,COMPLETED,0
U10181,M07,P07,B2026-027,94,5.4,1900,Morning,8,COMPLETED,1
U10182,M07,P07,B2026-027,94,5.4,1900,Morning,9,COMPLETED,0
U10183,M08,P08,B2026-028,70,6.1,900,Afternoon,6,COMPLETED,0
U10184,M08,P08,B2026-028,70,6.1,900,Afternoon,6,COMPLETED,0
U10185,M08,P08,B2026-028,70,6.1,900,Afternoon,6,COMPLETED,1
U10186,M08,P08,B2026-028,70,6.1,900,Afternoon,7,COMPLETED,1
U10187,M08,P08,B2026-028,70,6.1,900,Afternoon,8,COMPLETED,0
U10188,M08,P08,B2026-028,70,6.1,900,Afternoon,8,COMPLETED,1
U10189,M09,P09,B2026-029,74,6.8,4700,Night,0,SCHEDULED,0
U10190,M09,P09,B2026-029,74,6.8,4700,Night,0,SCHEDULED,0
U10191,M09,P09,B2026-029,74,6.8,4700,Night,0,SCHEDULED,0
U10192,M09,P09,B2026-029,74,6.8,4700,Night,0,SCHEDULED,0
U10193,M09,P09,B2026-029,74,6.8,4700,Night,0,SCHEDULED,1
U10194,M09,P09,B2026-029,74,6.8,4700,Night,1,SCHEDULED,0
U10195,M03,P10,B2026-030,86,5.5,5100,Morning,12,OVERDUE,0
U10196,M03,P10,B2026-030,86,5.5,5100,Morning,12,OVERDUE,0
U10197,M03,P10,B2026-030,86,5.5,5100,Morning,12,OVERDUE,0
U10198,M03,P10,B2026-030,86,5.5,5100,Morning,12,OVERDUE,0
U10199,M03,P10,B2026-030,86,5.5,5100,Morning,12,OVERDUE,0
U10200,M03,P10,B2026-030,86,5.5,5100,Morning,12,OVERDUE,1
SYN001,M02,P02,SYN-B001,61,4,3401,Afternoon,1,COMPLETED,0
SYN002,M03,P03,SYN-B002,62,5,5102,Night,2,COMPLETED,0
SYN003,M04,P04,SYN-B003,63,6,2803,Morning,3,COMPLETED,0
SYN004,M05,P05,SYN-B004,64,7,1604,Afternoon,4,COMPLETED,0
SYN005,M06,P06,SYN-B005,65,8,4205,Night,5,COMPLETED,1
SYN006,M07,P07,SYN-B006,66,9,1906,Morning,6,COMPLETED,0
SYN007,M08,P08,SYN-B007,67,10,907,Afternoon,7,OVERDUE,0
SYN008,M09,P09,SYN-B008,68,3,4708,Night,8,COMPLETED,1
SYN009,M10,P10,SYN-B009,69,4,2509,Morning,9,COMPLETED,0
SYN010,M01,P01,SYN-B010,70,5,2110,Afternoon,10,COMPLETED,0
SYN011,M02,P02,SYN-B011,71,6,3411,Night,11,COMPLETED,0
SYN012,M03,P03,SYN-B012,72,7,5112,Morning,12,COMPLETED,1
SYN013,M04,P04,SYN-B013,73,8,2813,Afternoon,13,COMPLETED,0
SYN014,M05,P05,SYN-B014,74,9,1614,Night,14,OVERDUE,1
SYN015,M06,P06,SYN-B015,75,10,4215,Morning,0,COMPLETED,0
SYN016,M07,P07,SYN-B016,76,3,1916,Afternoon,1,COMPLETED,0
SYN017,M08,P08,SYN-B017,77,4,917,Night,2,COMPLETED,0
SYN018,M09,P09,SYN-B018,78,5,4718,Morning,3,COMPLETED,0
SYN019,M10,P10,SYN-B019,79,6,2519,Afternoon,4,COMPLETED,0
SYN020,M01,P01,SYN-B020,80,7,2120,Night,5,COMPLETED,0
SYN021,M02,P02,SYN-B021,81,8,3421,Morning,6,OVERDUE,0
SYN022,M03,P03,SYN-B022,82,9,5122,Afternoon,7,COMPLETED,0
SYN023,M04,P04,SYN-B023,83,10,2823,Night,8,COMPLETED,1
SYN024,M05,P05,SYN-B024,84,3,1624,Morning,9,COMPLETED,0
SYN025,M06,P06,SYN-B025,85,4,4225,Afternoon,10,COMPLETED,1
SYN026,M07,P07,SYN-B026,86,5,1926,Night,11,COMPLETED,0
SYN027,M08,P08,SYN-B027,87,6,927,Morning,12,COMPLETED,0
SYN028,M09,P09,SYN-B028,88,7,4728,Afternoon,13,OVERDUE,1
SYN029,M10,P10,SYN-B029,89,8,2529,Night,14,COMPLETED,1
SYN030,M01,P01,SYN-B030,90,9,2130,Morning,0,COMPLETED,0
SYN031,M02,P02,SYN-B031,91,10,3431,Afternoon,1,COMPLETED,0
SYN032,M03,P03,SYN-B032,92,3,5132,Night,2,COMPLETED,1
SYN033,M04,P04,SYN-B033,93,4,2833,Morning,3,COMPLETED,0
SYN034,M05,P05,SYN-B034,94,5,1634,Afternoon,4,COMPLETED,0
SYN035,M06,P06,SYN-B035,95,6,4235,Night,5,OVERDUE,1
SYN036,M07,P07,SYN-B036,96,7,1936,Morning,6,COMPLETED,0
SYN037,M08,P08,SYN-B037,97,8,937,Afternoon,7,COMPLETED,0
SYN038,M09,P09,SYN-B038,98,9,4738,Night,8,COMPLETED,1
SYN039,M10,P10,SYN-B039,99,10,2539,Morning,9,COMPLETED,1
SYN040,M01,P01,SYN-B040,60,3,2140,Afternoon,10,COMPLETED,0
SYN041,M02,P02,SYN-B041,61,4,3441,Night,11,COMPLETED,0
SYN042,M03,P03,SYN-B042,62,5,5142,Morning,12,OVERDUE,1
SYN043,M04,P04,SYN-B043,63,6,2843,Afternoon,13,COMPLETED,0
SYN044,M05,P05,SYN-B044,64,7,1644,Night,14,COMPLETED,0
SYN045,M06,P06,SYN-B045,65,8,4245,Morning,0,COMPLETED,0
SYN046,M07,P07,SYN-B046,66,9,1946,Afternoon,1,COMPLETED,0
SYN047,M08,P08,SYN-B047,67,10,947,Night,2,COMPLETED,0
SYN048,M09,P09,SYN-B048,68,3,4748,Morning,3,COMPLETED,0
SYN049,M10,P10,SYN-B049,69,4,2549,Afternoon,4,OVERDUE,0
SYN050,M01,P01,SYN-B050,70,5,2150,Night,5,COMPLETED,0
SYN051,M02,P02,SYN-B051,71,6,3451,Morning,6,COMPLETED,0
SYN052,M03,P03,SYN-B052,72,7,5152,Afternoon,7,COMPLETED,0
SYN053,M04,P04,SYN-B053,73,8,2853,Night,8,COMPLETED,1
SYN054,M05,P05,SYN-B054,74,9,1654,Morning,9,COMPLETED,0
SYN055,M06,P06,SYN-B055,75,10,4255,Afternoon,10,COMPLETED,1
SYN056,M07,P07,SYN-B056,76,3,1956,Night,11,OVERDUE,1
SYN057,M08,P08,SYN-B057,77,4,957,Morning,12,COMPLETED,0
SYN058,M09,P09,SYN-B058,78,5,4758,Afternoon,13,COMPLETED,1
SYN059,M10,P10,SYN-B059,79,6,2559,Night,14,COMPLETED,0
SYN060,M01,P01,SYN-B060,80,7,2160,Morning,0,COMPLETED,0
SYN061,M02,P02,SYN-B061,81,8,3461,Afternoon,1,COMPLETED,0
SYN062,M03,P03,SYN-B062,82,9,5162,Night,2,COMPLETED,1
SYN063,M04,P04,SYN-B063,83,10,2863,Morning,3,OVERDUE,0
SYN064,M05,P05,SYN-B064,84,3,1664,Afternoon,4,COMPLETED,0
SYN065,M06,P06,SYN-B065,85,4,4265,Night,5,COMPLETED,0
SYN066,M07,P07,SYN-B066,86,5,1966,Morning,6,COMPLETED,0
SYN067,M08,P08,SYN-B067,87,6,967,Afternoon,7,COMPLETED,0
SYN068,M09,P09,SYN-B068,88,7,4768,Night,8,COMPLETED,1
SYN069,M10,P10,SYN-B069,89,8,2569,Morning,9,COMPLETED,0
SYN070,M01,P01,SYN-B070,90,9,2170,Afternoon,10,OVERDUE,1
SYN071,M02,P02,SYN-B071,91,10,3471,Night,11,COMPLETED,1
SYN072,M03,P03,SYN-B072,92,3,5172,Morning,12,COMPLETED,1
SYN073,M04,P04,SYN-B073,93,4,2873,Afternoon,13,COMPLETED,0
SYN074,M05,P05,SYN-B074,94,5,1674,Night,14,COMPLETED,1
SYN075,M06,P06,SYN-B075,95,6,4275,Morning,0,COMPLETED,0
SYN076,M07,P07,SYN-B076,96,7,1976,Afternoon,1,COMPLETED,0
SYN077,M08,P08,SYN-B077,97,8,977,Night,2,OVERDUE,1
SYN078,M09,P09,SYN-B078,98,9,4778,Morning,3,COMPLETED,1
SYN079,M10,P10,SYN-B079,99,10,2579,Afternoon,4,COMPLETED,0
SYN080,M01,P01,SYN-B080,60,3,2180,Night,5,COMPLETED,0
SYN081,M02,P02,SYN-B081,61,4,3481,Morning,6,COMPLETED,0
SYN082,M03,P03,SYN-B082,62,5,5182,Afternoon,7,COMPLETED,0
SYN083,M04,P04,SYN-B083,63,6,2883,Night,8,COMPLETED,0
SYN084,M05,P05,SYN-B084,64,7,1684,Morning,9,OVERDUE,1
SYN085,M06,P06,SYN-B085,65,8,4285,Afternoon,10,COMPLETED,1
SYN086,M07,P07,SYN-B086,66,9,1986,Night,11,COMPLETED,1
SYN087,M08,P08,SYN-B087,67,10,987,Morning,12,COMPLETED,0
SYN088,M09,P09,SYN-B088,68,3,4788,Afternoon,13,COMPLETED,1
SYN089,M10,P10,SYN-B089,69,4,2589,Night,14,COMPLETED,0
SYN090,M01,P01,SYN-B090,70,5,2190,Morning,0,COMPLETED,0
SYN091,M02,P02,SYN-B091,71,6,3491,Afternoon,1,OVERDUE,0
SYN092,M03,P03,SYN-B092,72,7,5192,Night,2,COMPLETED,0
SYN093,M04,P04,SYN-B093,73,8,2893,Morning,3,COMPLETED,0
SYN094,M05,P05,SYN-B094,74,9,1694,Afternoon,4,COMPLETED,0
SYN095,M06,P06,SYN-B095,75,10,4295,Night,5,COMPLETED,1
SYN096,M07,P07,SYN-B096,76,3,1996,Morning,6,COMPLETED,0
SYN097,M08,P08,SYN-B097,77,4,997,Afternoon,7,COMPLETED,0
SYN098,M09,P09,SYN-B098,78,5,4798,Night,8,OVERDUE,1
SYN099,M10,P10,SYN-B099,79,6,2599,Morning,9,COMPLETED,0
SYN100,M01,P01,SYN-B100,80,7,2200,Afternoon,10,COMPLETED,0
SYN101,M02,P02,SYN-B101,81,8,3501,Night,11,COMPLETED,1
SYN102,M03,P03,SYN-B102,82,9,5202,Morning,12,COMPLETED,1
SYN103,M04,P04,SYN-B103,83,10,2903,Afternoon,13,COMPLETED,0
SYN104,M05,P05,SYN-B104,84,3,1704,Night,14,COMPLETED,0
SYN105,M06,P06,SYN-B105,85,4,4305,Morning,0,OVERDUE,1
SYN106,M07,P07,SYN-B106,86,5,2006,Afternoon,1,COMPLETED,0
SYN107,M08,P08,SYN-B107,87,6,1007,Night,2,COMPLETED,0
SYN108,M09,P09,SYN-B108,88,7,4808,Morning,3,COMPLETED,0
SYN109,M10,P10,SYN-B109,89,8,2609,Afternoon,4,COMPLETED,0
SYN110,M01,P01,SYN-B110,90,9,2210,Night,5,COMPLETED,0
SYN111,M02,P02,SYN-B111,91,10,3511,Morning,6,COMPLETED,0
SYN112,M03,P03,SYN-B112,92,3,5212,Afternoon,7,OVERDUE,1
SYN113,M04,P04,SYN-B113,93,4,2913,Night,8,COMPLETED,1
SYN114,M05,P05,SYN-B114,94,5,1714,Morning,9,COMPLETED,0
SYN115,M06,P06,SYN-B115,95,6,4315,Afternoon,10,COMPLETED,1
SYN116,M07,P07,SYN-B116,96,7,2016,Night,11,COMPLETED,1
SYN117,M08,P08,SYN-B117,97,8,1017,Morning,12,COMPLETED,1
SYN118,M09,P09,SYN-B118,98,9,4818,Afternoon,13,COMPLETED,1
SYN119,M10,P10,SYN-B119,99,10,2619,Night,14,OVERDUE,1
SYN120,M01,P01,SYN-B120,60,3,2220,Morning,0,COMPLETED,0
SYN121,M02,P02,SYN-B121,61,4,3521,Afternoon,1,COMPLETED,0
SYN122,M03,P03,SYN-B122,62,5,5222,Night,2,COMPLETED,0
SYN123,M04,P04,SYN-B123,63,6,2923,Morning,3,COMPLETED,0
SYN124,M05,P05,SYN-B124,64,7,1724,Afternoon,4,COMPLETED,0
SYN125,M06,P06,SYN-B125,65,8,4325,Night,5,COMPLETED,1
SYN126,M07,P07,SYN-B126,66,9,2026,Morning,6,OVERDUE,0
SYN127,M08,P08,SYN-B127,67,10,1027,Afternoon,7,COMPLETED,0
SYN128,M09,P09,SYN-B128,68,3,4828,Night,8,COMPLETED,1
SYN129,M10,P10,SYN-B129,69,4,2629,Morning,9,COMPLETED,0
SYN130,M01,P01,SYN-B130,70,5,2230,Afternoon,10,COMPLETED,0
SYN131,M02,P02,SYN-B131,71,6,3531,Night,11,COMPLETED,0
SYN132,M03,P03,SYN-B132,72,7,5232,Morning,12,COMPLETED,1
SYN133,M04,P04,SYN-B133,73,8,2933,Afternoon,13,OVERDUE,1
SYN134,M05,P05,SYN-B134,74,9,1734,Night,14,COMPLETED,1
SYN135,M06,P06,SYN-B135,75,10,4335,Morning,0,COMPLETED,0
SYN136,M07,P07,SYN-B136,76,3,2036,Afternoon,1,COMPLETED,0
SYN137,M08,P08,SYN-B137,77,4,1037,Night,2,COMPLETED,0
SYN138,M09,P09,SYN-B138,78,5,4838,Morning,3,COMPLETED,0
SYN139,M10,P10,SYN-B139,79,6,2639,Afternoon,4,COMPLETED,0
SYN140,M01,P01,SYN-B140,80,7,2240,Night,5,OVERDUE,0
SYN141,M02,P02,SYN-B141,81,8,3541,Morning,6,COMPLETED,0
SYN142,M03,P03,SYN-B142,82,9,5242,Afternoon,7,COMPLETED,0
SYN143,M04,P04,SYN-B143,83,10,2943,Night,8,COMPLETED,1
SYN144,M05,P05,SYN-B144,84,3,1744,Morning,9,COMPLETED,0
SYN145,M06,P06,SYN-B145,85,4,4345,Afternoon,10,COMPLETED,1
SYN146,M07,P07,SYN-B146,86,5,2046,Night,11,COMPLETED,0
SYN147,M08,P08,SYN-B147,87,6,1047,Morning,12,OVERDUE,1
SYN148,M09,P09,SYN-B148,88,7,4848,Afternoon,13,COMPLETED,1
SYN149,M10,P10,SYN-B149,89,8,2649,Night,14,COMPLETED,1
SYN150,M01,P01,SYN-B150,90,9,2250,Morning,0,COMPLETED,0
SYN151,M02,P02,SYN-B151,91,10,3551,Afternoon,1,COMPLETED,0
SYN152,M03,P03,SYN-B152,92,3,5252,Night,2,COMPLETED,1
SYN153,M04,P04,SYN-B153,93,4,2953,Morning,3,COMPLETED,0
SYN154,M05,P05,SYN-B154,94,5,1754,Afternoon,4,OVERDUE,0
SYN155,M06,P06,SYN-B155,95,6,4355,Night,5,COMPLETED,1
SYN156,M07,P07,SYN-B156,96,7,2056,Morning,6,COMPLETED,0
SYN157,M08,P08,SYN-B157,97,8,1057,Afternoon,7,COMPLETED,0
SYN158,M09,P09,SYN-B158,98,9,4858,Night,8,COMPLETED,1
SYN159,M10,P10,SYN-B159,99,10,2659,Morning,9,COMPLETED,1
SYN160,M01,P01,SYN-B160,60,3,2260,Afternoon,10,COMPLETED,0
SYN161,M02,P02,SYN-B161,61,4,3561,Night,11,OVERDUE,1
SYN162,M03,P03,SYN-B162,62,5,5262,Morning,12,COMPLETED,1
SYN163,M04,P04,SYN-B163,63,6,2963,Afternoon,13,COMPLETED,0
SYN164,M05,P05,SYN-B164,64,7,1764,Night,14,COMPLETED,0
SYN165,M06,P06,SYN-B165,65,8,4365,Morning,0,COMPLETED,0
SYN166,M07,P07,SYN-B166,66,9,2066,Afternoon,1,COMPLETED,0
SYN167,M08,P08,SYN-B167,67,10,1067,Night,2,COMPLETED,0
SYN168,M09,P09,SYN-B168,68,3,4868,Morning,3,OVERDUE,1
SYN169,M10,P10,SYN-B169,69,4,2669,Afternoon,4,COMPLETED,0
SYN170,M01,P01,SYN-B170,70,5,2270,Night,5,COMPLETED,0
SYN171,M02,P02,SYN-B171,71,6,3571,Morning,6,COMPLETED,0
SYN172,M03,P03,SYN-B172,72,7,5272,Afternoon,7,COMPLETED,0
SYN173,M04,P04,SYN-B173,73,8,2973,Night,8,COMPLETED,1
SYN174,M05,P05,SYN-B174,74,9,1774,Morning,9,COMPLETED,0
SYN175,M06,P06,SYN-B175,75,10,4375,Afternoon,10,OVERDUE,1
SYN176,M07,P07,SYN-B176,76,3,2076,Night,11,COMPLETED,0
SYN177,M08,P08,SYN-B177,77,4,1077,Morning,12,COMPLETED,0
SYN178,M09,P09,SYN-B178,78,5,4878,Afternoon,13,COMPLETED,1
SYN179,M10,P10,SYN-B179,79,6,2679,Night,14,COMPLETED,0
SYN180,M01,P01,SYN-B180,80,7,2280,Morning,0,COMPLETED,0
